Amino Acid,Muscle Protein Synthesis (%),Recovery Rate (%),Muscle Strength (%),Hypertrophy (%)
Threonine,8.250386572510596,6.719728649352938,7.578793726860049,4.301004369660529
Serine,9.199254253664893,6.374495036994075,6.936012949881267,7.138767754057891
Alanine,11.018756232672212,9.89888525452948,4.582091689551972,7.187694619205206
Cysteine,12.494654110463449,6.651271885324157,9.220271164171246,7.178718013945214
Tryptophan,11.93184401591918,11.052503687252544,5.537067972929617,4.789880429685766
Asparagine,10.164109742305595,15.989547050359471,8.026018532007978,3.4609775767335944
Threonine,9.025209952157704,7.113376279560352,7.793193783162527,6.839550708617133
Proline,10.80764111735861,8.456946540729872,5.829295970209565,6.281308176620943
Cysteine,7.817219125413059,9.138446171496522,6.502261695611701,7.506564952144698
Cysteine,8.365997121478213,13.43451443778055,6.248142830238951,4.949194757985692
Asparagine,13.019542624919247,7.752056644885434,2.711477137216584,7.140177564384542
Lysine,10.804068960093844,5.512949241024912,5.114580708906033,7.581618168329117
Tryptophan,9.30494653245409,4.200978483122888,7.1484944678893205,5.8570354184259745
Valine,11.658277369170538,7.826048157703298,8.052372634723323,6.625394254897225
Beta-Alanine,12.573949927699188,6.654859342838353,3.5587206563361002,6.572949686286142
Asparagine,9.11072488350872,14.030027867900005,6.0576626036260395,4.767795706455525
Isoleucine,9.14518411510105,13.309587262030899,5.301740426555069,6.796644903426912
Glutamine,8.894708453305988,4.896881516229206,4.764251870836809,8.43374751135152
Phenylalanine,11.927700637430723,5.867719689352464,5.712005258450052,6.0333059018139545
Isoleucine,11.947114895040247,8.221310323660658,5.435994821332275,3.808612592022514
Asparagine,12.771806642582199,12.191679267676289,6.082815137745176,4.969160203628985
Leucine,12.017205899697672,8.171039409113154,7.883433521900104,3.3308558267225585
Glutamine,6.735563841142962,6.058278086035861,6.568255181729401,7.9353916935690965
Beta-Alanine,10.5619286418364,7.823354570291826,5.621182517745405,7.146157944492142
Glutamine,7.883229194305896,6.1145454083118596,8.729250113646158,5.247946092498273
Glutamic Acid,8.97417125005717,9.807431628318447,7.219859191760672,3.872910117046595
Arginine,10.341188407161727,5.872898865005885,4.815203122793303,4.750057562636265
Aspartic Acid,11.671130796699808,6.4686918427191,2.5657591952941896,5.042584551454279
Alanine,8.218313315097845,11.485801440368288,3.024338638159069,6.164111398530087
Alanine,5.3505606770951974,5.694905158057784,6.8664648966312685,6.113639014797569
Proline,10.361061683610863,3.6616159023195136,3.7393750414940374,8.012147963060553
Glutamine,15.287143166797101,8.284981254068914,2.983889045776104,4.960867713452936
Serine,9.594307560659695,6.9185797873862125,3.483829346625601,3.737718218469107
Valine,10.093830869900517,9.53424650278986,3.6252313758185997,4.264532287286562
Methionine,13.564327237072158,8.95241580419327,6.701295335564502,5.965462718330248
Proline,11.180549238123577,7.904244516069914,4.686515848435448,4.906982899581314
Threonine,10.433722073965876,7.816869723590013,2.2552507994011886,5.561987181730461
Asparagine,10.884233330626946,5.792424652031495,5.062089795524713,5.3189496295208345
Histidine,10.500487865147297,8.25004121297973,5.444532264896483,7.485357680557774
Threonine,7.720491143686588,10.643854344298305,4.041326277118297,5.119551469361517
Glycine,7.317109684400605,5.079659775801572,7.3117701683854,5.433986884578285
Lysine,13.773656224248473,7.983807870915396,4.158122228615431,7.075925371738164
Ornithine,10.367766703810315,11.115166267203834,7.216675373274301,5.152527133451886
Glycine,10.200190885159397,9.516272279650098,6.193565559349953,6.634818561685527
Histidine,9.81954467188758,11.928418689052139,6.853211016088814,6.497227893032639
Asparagine,11.562146535232905,6.295573010496996,2.8028983183872103,6.212648788441619
Isoleucine,15.077382203474972,2.5076946548154018,5.196620384476205,4.298405425940265
Serine,11.047905334215587,8.601955411867062,4.894343990850462,7.844661336782906
Alanine,8.823826347370895,9.087712445079456,2.155986950184934,9.331025694874672
Threonine,9.733198284216911,12.105265863418026,7.210121459605819,6.013242207401092
Glutamine,12.14199293441051,11.564437204120953,3.3651982061853003,4.430467689944438
Tryptophan,8.834398797174005,9.610230869037384,3.7808643423280346,6.043654062487534
Alanine,11.704492978060536,10.296170642511301,2.9733683288045483,7.484790210878999
Valine,5.358525252043739,7.4245356253800825,6.4023726521407465,5.077218486426589
Ornithine,9.540240857107227,4.34265616604235,1.9481405624548085,5.8066512238227155
Glutamic Acid,11.256280026961338,8.353163652142731,6.235749600929136,6.510981204618212
Lysine,12.540251093151431,10.947720390883331,7.089027972486921,7.804571778308887
Glycine,8.363051565915217,9.969082609485646,6.074356855251521,7.163135599634062
Tryptophan,6.9944699647387925,10.501422017478093,6.425256967692858,7.225301954298393
Lysine,9.478529670216362,6.716732938859744,6.519092939156085,5.3605971649853625
Isoleucine,7.749161984506222,7.203359485944729,3.1011513465484715,6.6028784327608845
Phenylalanine,9.70192666654094,9.45027646434381,7.869469959328688,4.917055009312306
Beta-Alanine,9.986693090737525,6.360477816473736,4.079847491733003,7.268289149827817
Arginine,7.36170990959611,6.452848790200993,4.867224764820056,7.72682946117842
Lysine,11.60887822022173,8.893946709132354,4.334725363298082,6.830045353158934
Beta-Alanine,9.685572213271097,10.282714229470724,5.983084241754619,5.448884119807777
Glycine,12.1609197380107,7.401413980011774,3.9239255137251554,5.694409307937603
Glutamine,6.310189519407812,4.5104316168390834,5.133831448474737,8.709774315993014
Isoleucine,7.965615658909218,5.79258825487151,2.52931236570799,5.473934333064756
Arginine,11.033338617296245,8.611016254679296,7.329330417003144,7.574991251175852
Lysine,8.40177885834947,8.574562891597894,6.341481891900407,6.508337397327782
Ornithine,9.670928683900607,8.723714412966045,4.415480476196461,5.498795327310236
Aspartic Acid,10.00139823511435,9.563885871787269,4.06170193994838,3.9830264587958624
Alanine,10.316511961906736,8.01743167562735,6.289256492635394,6.31740057088276
Tryptophan,8.644867574532586,8.795168134520935,3.5854132387280764,6.136651299909183
Ornithine,10.298573126944955,7.8649195315134,5.250730631530338,8.709802007189001
Tryptophan,8.43491258953104,11.446200448788318,7.322797574862812,4.709710956866252
Asparagine,11.34856093749355,12.297026093652505,3.377485761725615,9.442152887321676
Aspartic Acid,9.770311961033952,4.432966152859897,5.737201658240406,6.56821579424489
Tyrosine,10.310073247191037,7.23424417369324,5.631450533870985,6.566743831833237
Glycine,15.139853679380668,8.098173474622122,4.805326362674634,5.110391798351655
Alanine,7.7857910907999575,7.1992558639570365,3.992420831792127,6.472059461331703
Asparagine,12.777164538080577,13.37876777399262,7.42959411378877,6.7095763923498195
Tyrosine,4.6812972859012545,8.671865834269203,3.804862728466068,7.405990937731316
Histidine,5.843246690162114,5.5838845188489685,1.3759221977407599,4.532516688612086
Alanine,7.518719844624858,9.789327018682012,6.281067183262068,8.110171283682057
Tyrosine,7.644943269450128,8.812923616538578,2.597393300464332,6.542123285657969
Leucine,10.4074035962777,8.912578758660265,6.383762289710175,6.912343342960968
Threonine,10.579684528336935,13.423628476397571,7.669806495686888,5.668586607742859
Histidine,9.49035746325527,9.052355527264428,6.259499756797348,4.607786042581424
Leucine,9.700244066475076,7.089015428378012,7.142822603774983,6.109086941104931
Glutamine,11.055529521863322,2.1341707210696974,9.040098213859295,6.280943324734827
Tryptophan,11.666447755241483,7.503802945569464,6.933520925217893,3.921857597828264
Cysteine,7.346921967780482,11.917909751981567,5.661146785250872,7.189928107747688
Proline,9.276218057533992,7.726492641331438,8.267896367047296,7.494786950844871
Glutamic Acid,9.86082035417398,1.2798503044414904,8.509551089693169,4.90550306426831
Tryptophan,10.970631993120907,6.504912823422661,8.537543566518842,4.4661219745918626
Valine,8.454665715453059,10.978065616738377,4.0157129696079945,5.545557934688548
Valine,9.821557648812659,9.637451523686046,2.291963283003192,6.035842645479449
Leucine,10.059967269054315,5.480357310467793,3.8936156331302265,5.603743485126999
Methionine,8.591059793080941,6.304145670802755,6.40728323158635,5.908623250843825
Arginine,8.543369700104229,6.76787402269275,5.318317890664211,6.332216546513874
Threonine,10.19749155527467,6.01185868441121,4.587038029646306,3.9475965919115565
Histidine,9.739309708025583,1.9109783967812533,6.120962797609871,4.120056559045103
Threonine,11.000955038841264,10.290773301859566,2.0583898366534656,1.9165833886152832
Histidine,7.893482558710008,11.771179870067279,5.282338597383083,7.413817842680208
Tryptophan,9.298636944242425,3.4446531681057797,7.236915289695753,6.022840530926174
Glutamine,9.541567896892817,11.731558797758943,6.098631289116457,7.571776697197735
Isoleucine,11.62772781624721,7.690930395808353,6.3836196436674575,4.293393006282912
Leucine,8.119172450864195,11.675397044503622,8.19474557990503,6.036611009299743
Aspartic Acid,10.469304010310173,8.113851308871338,4.867713430252666,6.322239759174902
Methionine,10.505511015075774,8.40663377647589,3.6938166772993273,5.157326257754978
Valine,13.292794485359947,9.117303940946638,7.3790300853300845,3.6698583022998106
Glutamine,7.985821271387477,5.629801024594165,7.342241262067854,8.618807004202736
Tryptophan,8.685533363765012,11.584022432984064,6.116583349511593,8.098925011905077
Beta-Alanine,8.125288635553359,4.635858085775645,4.679257998835103,5.427101592411953
Valine,6.6604416558632,6.793799766449988,5.00275930201597,6.7653414677544115
Leucine,13.529373868525438,9.572794032929506,2.4464540957378267,5.27281398546466
Valine,7.516997538101755,6.472414278543608,7.225893060414405,4.506894595462879
Methionine,8.367389181890308,10.332593722444832,7.155302619058287,8.74089225743552
Alanine,12.631533016564319,12.127598519551869,2.3766344990664323,3.5169466778912977
Ornithine,6.49378590612357,11.037638003161511,6.7352641678122716,5.571744454543328
Valine,11.512703138574762,2.1916540589641356,5.808203310018017,6.126485740863351
Leucine,7.173951309316445,8.377540908858071,2.9560517792184076,8.47685486803093
Methionine,12.493389473059175,11.086047832089175,2.587999597855061,7.3448829813540275
Ornithine,5.660244625918283,4.049753459533829,5.746986538803445,3.491625338149022
Threonine,6.4930611674986745,10.170831761686625,4.2045917721861645,5.9958746384487265
Histidine,8.910155530082182,10.002382344917937,8.63989770109934,6.031590297546539
Alanine,11.94364538034547,4.363730324185204,6.905196789297813,5.6574924970508365
Alanine,9.938083498726852,10.502697997220483,5.9473862734644545,6.929713661295452
Arginine,9.328569854226858,8.818093380589804,6.046158008004789,3.8863396083660344
Tyrosine,12.692088414929435,9.951145366163805,7.661734360734335,5.387046131194995
Proline,14.310479076866146,5.101062842704602,6.693036183454676,6.718228122319613
Threonine,11.344514568827545,8.450408349114154,5.999532876992045,7.019363527740962
Glutamic Acid,8.754290993797433,2.885364337603029,3.03947764740498,6.224129210263795
Serine,9.163713931981457,1.1690263774008471,11.123893930812438,5.5674116995495515
Lysine,7.42310524048535,8.422485279583249,2.7936344853835338,5.820088089560291
Methionine,10.201634844508105,11.30179282028393,4.374914525799671,7.110610683565856
Threonine,6.740814028047346,8.758810442795241,1.690543447180005,6.05085117618819
Tyrosine,11.103727310619002,7.809661808167562,6.077596317538524,4.437228681839207
Alanine,14.011148091279907,7.43739763983538,5.302220874569615,4.149753624082645
Cysteine,11.4351831595861,5.172303825670803,6.53055287672952,3.765543867845836
Lysine,9.061704559610131,7.334417288614081,1.5218687377911322,8.18337122773403
Tyrosine,11.05387482526358,9.265053404793333,7.225811334761863,7.2111927534186675
Threonine,13.241066890331755,6.694333301598115,3.385129197060771,5.84026817522918
Proline,13.140989270522278,10.251760561507329,4.7019896012722695,5.3193112722538745
Beta-Alanine,7.992484216873258,8.587925101593807,6.863142537362129,5.139104988048963
Isoleucine,11.020592779164646,8.95093825332022,5.522533368263799,7.639855661373314
Arginine,9.683797019859602,10.665988260652881,5.663885113333728,8.85665026226211
Tyrosine,11.613186495827373,6.419733702035028,6.598357639810798,5.091910614108691
Asparagine,10.767227907633542,9.978141758560854,5.857581279877449,7.707623280983564
Phenylalanine,5.260557181031105,6.840569848244078,4.317784194902566,6.042019373038334
Glutamine,9.303973827406322,9.01854345145652,4.667061743529542,5.6813566051343
Glutamine,10.397116725792584,6.062685948090294,5.4237573573036455,8.256321424244884
Serine,7.131270065682308,5.267888530805804,3.2088878129073306,5.984751418885835
Cysteine,11.16204401973197,8.27559423694548,6.992017318777339,6.444546658881953
Threonine,6.951969516545939,2.3443998439366487,5.577307861614968,6.372410899367169
Leucine,8.403121905165893,7.111197669473355,5.149552535843937,3.5616009500108223
Leucine,12.68262383940027,3.1808689831724593,7.384993118062942,6.4326167230740925
Serine,8.232444422271463,10.337702102940824,4.75977271357726,5.155961963339651
Tyrosine,11.147933918403352,11.150331788326742,4.635158005695166,3.8682702897815684
Histidine,6.492852564182626,5.408146335737582,4.030742471992071,5.224294379326857
Valine,14.162629313530283,9.28493888742049,5.68613401785187,5.2119166955445815
Threonine,9.390892723025486,10.697407141062476,5.61690021666303,7.544823808695496
Phenylalanine,10.190641613895439,10.70740766750535,3.6674315989801864,4.404315575846953
Tryptophan,10.35807359309793,8.643352501914924,4.6446120457732,4.815228841426118
Histidine,11.215133728662718,10.20291402668449,3.680795462961534,6.353082390822019
Methionine,6.961640034027646,6.052006064238817,3.5902630923690193,4.011309342968628
Leucine,9.989327058326673,8.24936739697004,1.540204336546306,5.0114898626515
Proline,8.682462348437287,6.598689779627672,4.538179492636889,3.503284897000167
Arginine,6.62088554784346,5.798636078643908,1.5955734678399773,7.380017190008094
Glutamine,11.97424440025742,8.108190174408882,4.074368627320978,5.547955319339722
Alanine,9.295654032800819,9.042591128474223,3.774610708244783,5.9761232324966365
Beta-Alanine,10.485040851225039,11.49052630386496,7.103790114531209,7.374015479686635
Histidine,10.359690837456117,8.795466581896662,2.9701303873807166,4.91659667451917
Serine,9.330295455247773,9.925791604884653,3.477627230371049,5.532019487027994
Glutamic Acid,13.950054707261563,9.959849519748614,4.2369517216168555,4.415508001041388
Glutamic Acid,9.90547069474198,16.06260309709088,3.839712696994448,4.4122444185062815
Serine,6.884095364646664,2.5699027901822626,7.738509594843752,4.619125658991182
Glutamine,9.199237279633364,5.936198399488466,2.722865253900761,5.261264413749502
Threonine,10.999475240224221,12.42216815746424,4.241191002028316,5.422806698740402
Isoleucine,11.065190218741101,6.943960775439578,5.664130498328813,6.43294822634757
Valine,7.824438129476476,10.657409412805158,6.762366686084013,4.66317457793715
Glutamic Acid,11.85896501468954,8.69002857128851,4.239516888139594,6.479449013876215
Methionine,6.474266142257919,14.315607203624031,1.163800798992415,6.727501937284842
Glutamic Acid,12.288270405232836,4.660836718808865,4.69979155682899,5.298266725751601
Glutamic Acid,7.361304221725189,11.66540165755644,7.70405695236143,4.792913141372429
Glutamic Acid,9.547509561982647,13.248743915817496,5.564374814860854,6.127618547969985
Isoleucine,12.1291373560534,4.956743368496001,5.472835724719865,5.695623805484333
Isoleucine,10.239211337774138,10.348610730744038,2.8739640168460068,6.330527743910318
Beta-Alanine,11.63339703542714,5.103506042512834,2.6686568194226705,8.35479965438995
Methionine,11.237323919419865,8.090484717605374,5.036083297268198,6.102955572641573
Leucine,12.572537226809203,7.230236209453479,2.1472421554371843,5.041154158079802
Leucine,12.124419701827424,0.7917381953009386,6.562724444725021,4.663665582086912
Proline,9.092511382927116,9.272702779135695,3.3067075022672756,4.721697553017624
Isoleucine,11.265883267586931,8.430017502818693,4.950685438537012,3.805850539333319
Asparagine,6.946896276604507,12.43723692021728,1.2284661624915159,7.399115412518368
Glutamine,9.88419018532443,9.833430963948627,4.2123962631129865,2.650081770966353
Phenylalanine,11.63696946927708,14.872651772236287,2.628278905739594,6.732157226578958
Lysine,10.267695308492,8.321127146236142,0.35608716531637885,4.697904139987154
Cysteine,10.893279463034172,7.683409843993077,6.083684178672635,5.231392178063823
Glutamic Acid,9.573455248068417,7.446930047848713,8.282319078183146,4.653018537683417
Phenylalanine,12.258138875070285,6.6812338669046785,7.258947178687892,8.168796989463047
Methionine,9.839168452582015,1.3767472508522935,6.36338137980761,6.024473402528665
Serine,9.069099635191893,7.339416118976128,4.171757664108909,7.1855677875642785
Isoleucine,11.773034825138108,1.7964358206920235,6.611780457095652,7.950790287894009
Phenylalanine,7.1896801552710805,9.356100033757306,7.447706397147456,6.245108211033606
Beta-Alanine,11.00206668703469,4.279819122588247,5.273643659342587,4.206564343717181
Cysteine,7.915030251545723,5.317002130734741,2.6312796553759545,5.669035874826342
Aspartic Acid,12.55585365847633,5.991769415502345,4.0012314028172575,4.886627979650696
Aspartic Acid,9.47794549350641,7.385194886560264,8.405392976695872,5.244743757169052
Leucine,10.269969441639377,8.020604764817111,4.850511663699667,5.858064311026067
Histidine,10.825140793288245,11.253438749219212,-1.6495114398221924,5.798766536861604
Phenylalanine,6.140630807371686,6.267409719477339,2.062153072659613,6.618163741530429
Aspartic Acid,8.698830316886287,9.44043840866711,4.151102593715037,6.83595644067073
Valine,12.087091818573107,16.192601699670703,7.071650476835137,5.798782235600314
Serine,11.735530048341777,9.13205210828969,4.453755295186176,6.605203377161876
Lysine,10.566064410790432,7.458530633205099,7.10886330994652,5.175960217596837
Proline,7.301072857148953,5.662545044215108,3.9476752929050214,7.972169738394755
Valine,11.171006921717158,7.4170053637390145,1.0714149555287737,5.151733067673531
Proline,11.426799180410892,5.341338969171782,4.01687768280383,7.795779726933642
Serine,10.09403442624749,8.805984280051318,5.68989000309257,3.785899362342417
Threonine,12.446341901182915,8.31063241591818,5.523900698682627,5.4293891138837305
Serine,8.633136419739754,1.5133423372466197,2.489784501486729,5.503532739579591
Histidine,8.98028484500005,7.944325982701797,4.297607596392469,6.418487692122711
Leucine,5.030776841828371,11.228438937920039,10.369348476128147,7.292725204828235
Tryptophan,11.839655020295327,6.80266444339175,2.5334623474062465,4.125907195410708
Threonine,10.627723926940268,6.041309682765314,6.3214467889274975,4.338025436935639
Glycine,6.636359349733542,3.8668976806494424,0.8066486028604087,3.897137898425643
Tryptophan,6.482802000011706,2.426023875126787,6.727583649139324,7.980276295797626
Leucine,8.254738745257978,10.494047801189762,3.2153492196231066,6.446407414195684
Cysteine,11.587315883960708,7.4555650112624114,5.80417651640588,4.373443187314315
Glycine,9.399279023822743,10.316064686010268,2.4169487964635974,5.335357689065894
Arginine,8.390426166679351,12.593971233738408,5.5817056003534145,7.772642093492242
Valine,7.987768213833008,10.763743054731036,3.1826994085171236,5.582821154533143
Threonine,7.898176084343627,6.372883035683612,3.5699036340667494,5.494217793313241
Aspartic Acid,6.1326433977848795,8.434602993972666,5.883972012790061,4.828054939765412
Aspartic Acid,7.585208336707251,6.155681404529245,4.139229047205967,4.462511529271856
Serine,7.858843840645665,5.87513461219501,5.760762896432622,7.7749857156647355
Glutamic Acid,11.365246472914292,9.028445487207872,4.618317362713299,8.51085238311309
Isoleucine,9.66855389370677,5.503118350645482,5.13498736249455,4.5222083958189785
Leucine,8.348830313965077,1.3725451427338964,5.890172942706803,8.10741349382718
Aspartic Acid,14.619445510812373,5.33555631281787,4.299963090817718,5.268915875564842
Glutamine,8.67220617290667,7.079356553937881,3.007900427996452,6.80047199305333
Methionine,12.334205828767272,12.564195493495767,3.93537546814042,8.115320707221612
Methionine,13.24221711557543,6.527187650385904,7.390278359666872,5.7823851064445515
Histidine,6.860079324685314,9.535772273087826,5.232346168153099,5.508087119598962
Histidine,10.147925928147137,7.495075298113791,3.3102030931790525,7.201621445682278
Valine,8.964932698183551,11.679215431611151,5.803121216775438,4.335070744445627
Proline,8.802151206881328,11.471289156391876,5.936631169878277,7.720592066760646
Aspartic Acid,11.110753633613816,11.528525315719758,6.039998151595621,6.214214088663875
Aspartic Acid,8.754259007153433,2.798049411747942,3.0443255992574287,5.133374237768734
Valine,9.00806190734706,8.620172141734983,3.63521801142821,5.093748595026218
Serine,9.663770208749412,10.276815800365842,3.646341567225977,3.9248062322574513
Beta-Alanine,9.253201463246862,9.144615687767994,4.278704175867617,5.195741750064015
Leucine,7.652859585975749,9.909788977465487,6.077838370287469,5.603943357008398
Serine,11.591813009694949,8.175053012856432,5.592369609462027,4.4080597024327774
Cysteine,12.0970618770152,5.765647379820419,5.750433914314325,5.931802535806494
Glutamic Acid,10.687237179070435,2.9087078450412447,7.708038284743046,6.709375626788243
Tryptophan,9.246894697955469,6.063291714054573,6.37778186498326,5.679791796000872
Lysine,8.589578527340437,16.034329620915177,4.716396750007825,6.9940887397789
Phenylalanine,8.592759874147108,6.543046471727983,2.632229647895001,4.789290025530995
Tryptophan,14.714752730065417,2.121829321727768,3.5709059830582595,7.50507414632991
Serine,11.875676603133288,10.19794808218725,4.476589864643546,6.1827220586622875
Valine,8.319779842833324,10.566380026047934,6.658259654672228,8.317885754632115
Aspartic Acid,10.329395654874281,11.861973170456421,4.945336131787813,9.6213259683581
Valine,9.274929949801276,9.412935511120342,3.6876080902231134,5.294634611545078
Glycine,11.16760075231258,10.536804543400855,3.5342142285455482,5.356404184647813
Ornithine,11.086998205578684,13.520651404525973,4.860843582157548,5.630636817076924
Glycine,12.167219307810942,5.763579523813654,6.7799751244342,6.893553375263272
Isoleucine,8.29888708267561,5.168447883728847,8.182038611550235,7.988954955712635
Beta-Alanine,10.209470597276262,4.716240381341214,4.588462803940665,5.020787273745295
Valine,6.502906030084947,7.2026912405180505,4.910513638474804,6.571866399717109
Aspartic Acid,7.485319399142311,12.300267259475504,2.572116587685234,5.796109065216349
Histidine,11.768201673118359,9.584205103238705,8.878385138198933,6.927163653810883
Lysine,8.098632417189346,9.466075858127654,2.197994323687832,8.264186540111535
Leucine,8.31818240390429,2.5420762140058297,7.3433246235611005,5.639507643850478
Lysine,9.983443850899901,5.920439518290742,4.269328093975059,3.495198499989404
Leucine,11.389522061693079,2.4930271014138894,3.8012670123193617,7.115852515320439
Ornithine,7.878346408331808,11.51373736796463,2.7799928562281466,4.750942172091821
Asparagine,3.0383823424798324,12.756939478657198,9.820097298814268,5.785326394554334
Aspartic Acid,8.259553515712977,10.338700181721144,5.442983246556789,7.180546255307421
Serine,12.411256155905674,5.039641862781365,5.042560874208127,6.4460922802966625
Tryptophan,10.686270102033747,12.446067480847372,6.773464719109085,5.8474199616704325
Threonine,12.647749607574426,7.240235269924369,3.698334548740074,5.136177431312518
Valine,7.736367715734609,4.356622157742016,5.0036919104620114,1.6501593295875017
Glutamic Acid,6.721207464671887,5.106787236164923,5.112672573624242,7.047481223634303
Leucine,10.92509710529508,6.7095300932244895,3.975708535303734,5.620572451161354
Aspartic Acid,10.480045475370092,8.148735561454119,7.399276158371828,8.270004417533588
Glutamine,10.611108640754518,7.515967365044618,4.562691177008192,6.597042044942804
Proline,11.865993285301137,3.761994745486918,1.893735893262341,5.188311941197735
Beta-Alanine,10.843369847824519,11.639949227556926,4.3970052729582525,7.60030513256406
Beta-Alanine,10.811235186280758,7.54818224168947,5.498357343427795,7.726694108937285
Ornithine,11.430014027602281,5.858738431188048,3.2130135322247835,5.671452278471283
Phenylalanine,11.004833264374055,11.330907085948292,3.370810413659122,7.790467298359841
Phenylalanine,11.714891863434811,4.449781435200406,3.907481923747919,5.167037916920929
Tyrosine,12.017041649557164,3.1133294492764563,7.4424713201339205,6.2394716541118544
Proline,13.06337760248183,11.817462339796217,4.025683954708588,6.85711258157817
Beta-Alanine,8.701617350192642,13.674163548651016,7.858234037102061,7.177172376021284
Tryptophan,10.961124214821496,6.613711944045805,3.7700991237033286,6.932282772923835
Isoleucine,9.259353262805407,7.862089976248565,5.650028272513084,5.501014229155241
Asparagine,8.332882025441467,4.560005856437289,4.107514651560498,7.640546461037162
Leucine,8.620919357839268,8.01647765073018,6.508166340580944,5.813359015340372
Alanine,10.98991103512305,6.57288420880641,2.7634516908694415,5.14645895658721
Leucine,10.836505109572,7.693614679895002,6.485718959154463,5.168493049030004
Methionine,10.800824058476874,9.227775162791728,5.227738800619368,8.909982587214502
Aspartic Acid,9.548572704861334,4.70556356590746,3.720016366445102,4.887024857862083
Proline,10.00682950235682,6.914565982302298,4.667557030579699,7.93745284014067
Lysine,11.6355053917521,2.5886557346654655,8.06770988206435,4.296799956284746
Valine,7.021213880701388,6.935038147660136,5.2756890097615665,6.731858167611279
Glutamic Acid,10.049284196857169,7.719697787249001,3.5945439681747224,6.445625177236252
Glutamic Acid,10.17991229625358,8.686947275183234,2.5906134343437746,8.431840319589341
Glutamine,11.506608538155298,8.718729621089626,6.010808546861995,5.018397157247228
Ornithine,7.299503176114349,10.711768252210568,5.391690494021371,4.604003673059419
Asparagine,12.990267491034823,3.3810004421800404,6.390041390176447,5.825234432479527
Phenylalanine,10.42726084885702,3.5411689101491186,2.0755505206203155,8.49720274386068
Valine,10.533161093389873,9.586873809177561,2.655479094217,4.673762280084348
Histidine,9.197240485335547,1.8831161689837526,7.293758398503799,2.1173750516937004
Methionine,11.076044709593688,8.54990063631498,5.662683293558681,6.089651756059924
Glutamic Acid,10.095908100566211,4.459121181230318,6.066801702475123,7.424284376941513
Ornithine,12.417963888212931,12.718443922751543,3.0746259357840935,4.4792911010402054
Asparagine,7.117011503872769,8.751357223183332,3.038025603342163,7.2718982600298965
Valine,10.351091659781016,7.342531940860814,6.982517316384177,4.446133522481316
Leucine,10.817024696754853,11.683162631417535,7.076755309530298,5.780162196462482
Serine,9.627255211273816,4.809793980287147,2.8233610259418924,7.129023472929086
Asparagine,9.190668353385908,5.379771097736575,2.4412590082943098,4.218801897392343
Leucine,9.274085442062585,4.215635499034673,4.782814058575112,6.272269997261332
Valine,10.349278538735655,5.404882320953021,3.4013030932479875,7.822460266938355
Glycine,6.380082198038588,8.183346828102163,3.359646241907949,6.710901148817026
Arginine,11.93002992212646,9.48185561598116,2.497243507145215,4.919060913613849
Beta-Alanine,9.0397362646083,10.884265056102628,4.063132303439266,8.27807752907519
Valine,10.255605394733566,2.5258278592977828,2.690610514734268,6.987588767883735
Tryptophan,10.734204533576134,7.484411040610125,2.8091981939815267,3.2093280001135396
Ornithine,8.948389225374086,4.675506406427595,5.596783693132609,7.296365422101339
Glycine,9.737923186002009,7.384138725535697,4.889603531425247,5.142938621374085
Alanine,5.929519518748992,15.00249074038112,5.9697573630642635,6.294845321463697
Beta-Alanine,11.464247214666145,8.875585286000044,1.7019331293013873,7.51200600643989
Isoleucine,12.160138000644329,10.698394913444737,5.019761219659526,5.175593123002749
Arginine,6.598012896122492,13.88207381648314,9.151275084331676,3.5316110789372788
Isoleucine,9.187014246607475,11.382074729524275,4.255455031428802,8.258317787858743
Glutamic Acid,7.540261243518371,6.656256560939046,6.649498013144596,7.746875206802922
Tryptophan,9.644519357025189,4.1725037402901854,6.632013697548847,5.8691159802255815
Leucine,11.297272669441922,7.909567191437446,6.730397216002551,7.280132177238173
Histidine,11.97461779851325,6.296882647343944,5.333323374114646,5.445919901904473
Cysteine,12.243706378853696,3.426436140142478,6.132171965488428,6.145455265141274
Beta-Alanine,12.621087649384426,8.722774991868405,6.3980272400260105,5.78356808604489
Aspartic Acid,9.555174443088868,8.797658894178,6.270892056628716,5.506583871964047
Threonine,7.7060827425331215,13.30735010078986,2.7651636529732078,6.5389538701286325
Arginine,9.770819399384063,6.914710793489559,1.5852310349120264,4.187731764531618
Valine,11.266535004607151,8.840364166908348,1.8928329131703858,5.6226287538516315
Glycine,7.545480438158285,6.003543755929353,4.459680015234673,6.471719208725108
Tyrosine,13.320273906896483,10.619508292080397,6.187853468845288,8.757151061942453
Threonine,11.795777077520684,7.626146611429611,2.7911774449768307,4.248698677030956
Lysine,9.586865663137342,4.482225173441773,6.847940917168808,6.7808295865986405
Tyrosine,8.578256139177517,7.9595845350045265,3.9954496509842277,6.945223164641792
Serine,8.661757837774713,9.171568692695004,4.014489577611842,3.184921903975895
Leucine,10.148412427600311,8.765820162240688,3.3277860082407993,6.615798021613878
Tryptophan,9.541194794539296,11.137690146487607,1.2304272819674527,7.320427618475671
Ornithine,11.90100551056525,3.6558308838779308,5.458628256869294,6.882979019073652
Aspartic Acid,9.314048343394742,5.471772229955175,8.425335425677138,5.8741091176909865
Ornithine,11.011003621222983,9.919361995386613,4.874670952934873,6.499860054783643
Glutamine,9.94215023165026,5.824193066116786,1.298736716610295,6.254767045873545
Proline,10.539338714794141,8.72141374799062,6.560685623232892,3.465813992527208
Alanine,9.539887128807235,0.7407642577647131,1.7504040197940216,6.289980487131699
Isoleucine,11.415431082499241,16.14783971693865,2.581931206021629,5.449394391027491
Isoleucine,11.445080160580154,7.190844405327992,4.523323655372859,4.942766743503025
Beta-Alanine,10.919858051644288,11.581868779964834,5.245686877080396,9.72745493037998
Proline,11.215028654299008,6.989306523249526,2.982671997666343,7.878923579429336
Beta-Alanine,8.111262444913894,9.24409558619266,4.445367886868039,4.2747419095284185
Beta-Alanine,10.646491525817959,12.475758939035817,6.430324801521369,6.519954294848759
Glutamic Acid,12.498403534975067,11.497418057625156,6.704357769616037,8.187037913346487
Serine,10.982809134038995,7.386635060944326,7.502912843628529,3.755701268885997
Arginine,7.938564994396954,7.5942370238189225,8.818837304586987,6.115474712110731
Phenylalanine,9.90046698070183,11.010699680549855,6.619778643322233,6.18610908857924
Alanine,10.749955876679417,14.999733212855903,4.566526971191519,4.0882606762514655
Beta-Alanine,8.485200966203381,8.576848023197122,6.718627582245945,6.569325456918344
Cysteine,7.283457606553295,13.871190921624924,5.9334324680103645,7.674369585777188
Methionine,9.367804263126946,7.275756768739382,6.012733955052509,8.26207138712873
Leucine,8.518335184064595,10.855881090529405,5.354437570143371,5.625953847561082
Tryptophan,9.971421937220063,11.30346728674186,3.175891795692187,9.752467552702669
Asparagine,6.817190705007423,6.77011848844168,2.9438071843561398,2.9130498699048673
Glutamine,11.129402125072312,5.758765762095075,4.805763597849714,6.534325064721694
Glutamine,8.730789929413287,11.436167565642059,5.2978201516927435,3.8815585201052167
Methionine,11.991504473362712,6.40532918827083,3.6411181541365742,6.135273956245349
Threonine,9.446202320407243,5.316950261973792,5.846683897217151,5.217139874842456
Lysine,9.949221907231026,5.9481214946027094,9.16153180807838,6.760316184585842
Phenylalanine,9.653930242606164,6.393159984723765,1.5113385614434849,5.809678928846709
Tyrosine,8.623680619799455,10.569851313877033,6.1644889551275215,4.761023732960226
Serine,14.94455892454532,9.545128019828564,4.86805075821838,4.85956357865403
Alanine,9.00826764398543,10.146974734273673,5.90131111066931,8.898689246174328
Valine,12.047043044931321,9.264139433294247,4.138570599079418,6.665285607693622
Tryptophan,7.81274210787321,6.218479513260084,4.707880229905666,3.4468069401924177
Serine,10.744262782186322,10.091308567724816,5.259000902016198,6.826181602675145
Aspartic Acid,10.957744327863672,11.547361479815912,4.3967322329294785,5.707985006463004
Tyrosine,9.951646045803741,9.753509648357927,1.9589173652602025,6.006901630645708
Glycine,8.857990560720854,9.348967719877551,4.532169938711093,7.229832230972695
Arginine,9.473356194772073,5.69883648028797,2.167132743607612,7.774840760569269
Proline,9.19342099605376,8.635451236923434,6.3063862211606185,4.711780908118967
Glutamic Acid,14.804052563670911,5.539276011653895,1.2689097978437553,5.9553875187669245
Proline,9.95479382111036,7.9279164257581884,7.05730875891178,5.180833495892146
Methionine,11.0497775573279,3.0792000823240517,5.859126000406959,6.895293271611394
Asparagine,13.563250180850734,3.1023247910237206,5.86677723146779,5.651543259395746
Histidine,8.247362664051638,7.426856930158911,0.6713802643043207,6.043877219552813
Glutamine,10.075320466335876,6.354680984519031,4.342801123816887,5.594584858484753
Asparagine,9.461627736637222,8.32036158042252,7.30712685731972,5.840820726646002
Leucine,9.827723109033272,7.595694262654643,3.9627840419394107,8.556976508892202
Leucine,9.641976065765029,8.090572361630466,2.8438757000725716,9.586149247151585
Alanine,8.536245828739565,9.825822327070222,3.7266598099885755,6.565638140613714
Isoleucine,10.390820569993267,6.6101931330175026,4.863444754721324,5.850045330274646
Beta-Alanine,7.874734445167797,7.341668565065411,3.2972590993743776,3.606544858665475
Aspartic Acid,11.977765474618037,12.36506366828949,7.4676344641785875,4.85937270028294
Tryptophan,11.246619613309207,8.00925238047508,4.870664940019215,5.809895946321141
Tyrosine,9.013074367271969,7.462368576123834,3.8888613041041435,4.92740516904386
Asparagine,9.11003335725228,8.247538097969569,2.3973129463288414,5.0851488556921165
Leucine,10.551021124696506,7.515906880971409,5.968893210557876,8.363084211084248
Aspartic Acid,8.402909368787634,5.871283121140326,5.923332589422726,6.043186220607723
Threonine,13.623960248269743,5.005910488460839,3.4155821876306165,6.177317987102906
Methionine,10.715851457383538,5.709705979549986,0.5273419433717095,4.98871415949266
Beta-Alanine,10.786526302767355,10.61875756031236,5.821524379151769,7.766317087154379
Valine,11.36289016071457,6.110284235844763,4.626393217477996,5.681132058017148
Glutamine,8.84107345185986,7.5352261944911705,5.672142335851338,5.218704502273716
Aspartic Acid,12.178019963569547,10.102208855398693,8.914349067279277,3.6288737740358377
Proline,10.229066732430928,7.164826487567065,4.946336312581881,5.908347129372951
Methionine,11.900290941997664,9.900083944530957,3.9723227663144565,5.171912997333898
Beta-Alanine,9.60409374686334,3.377620872707399,2.7053560647033197,8.526869619025348
Ornithine,12.634556453462372,7.602449961374311,4.375156417009902,8.765848038002925
Methionine,10.80268725404958,8.236688289795525,5.321154699231283,4.147079257850589
Alanine,14.365014048354174,8.069416169294504,5.106614841197521,4.316770143178504
Glutamic Acid,9.26095676635554,3.0412439064833485,8.446930680134205,5.585520547310328
Ornithine,10.40909879218149,11.609337939292413,5.998171130931885,4.775943156908593
Serine,7.936847506259684,5.4359811650857495,4.7303982569855805,6.326124863530071
Methionine,8.94140352490756,9.005111375787402,3.5868788423330544,5.510064766371649
Glutamine,11.237373095695812,8.023892847941992,5.533345527566641,6.4207985108328876
Aspartic Acid,12.258648875079,11.011128571432033,3.1859836832346815,7.52414028247045
Aspartic Acid,15.930020703441444,14.562466488122618,5.359662159075813,4.4036677344967385
Asparagine,9.806742186753558,4.128906546371493,5.974827853809686,7.492816833716098
Threonine,8.133573184708805,6.0532583561825035,4.567095554457105,4.907021378519735
Lysine,11.506651520754483,8.567277481517156,3.7394271118697167,9.222724273723163
Leucine,7.744345558997388,4.6839400473416255,0.6294063053301882,8.431463949374082
Methionine,11.128554776053473,10.34654782386728,7.287673452840782,5.830379496170647
Arginine,8.995488567611753,10.530117866471176,5.806600780490563,4.554624833204938
Beta-Alanine,10.423189940760787,9.67834722798511,5.855234563169565,4.267701030488125
Methionine,12.182092204329335,8.709745252628592,1.8772953284454004,7.310442753111795
Lysine,9.778533141838608,12.109126333909343,7.759677399480115,5.954395850204252
Isoleucine,11.865758168657242,4.533123554993414,4.0695662667638395,7.390300328627937
Serine,11.746317097238297,8.195804586027661,4.422409394601027,9.30634345394346
Arginine,6.271336943381811,5.783591393809335,2.8614262891623494,4.844425591925814
Proline,8.196798507928856,10.669748997695505,1.4261085373203035,4.1547926343628685
Leucine,6.876386277209057,2.499976506480701,7.314692623447134,6.288840351798939
Methionine,14.003474205060272,7.915748403221061,7.573194738795249,7.717139417178446
Tyrosine,9.789216149125348,9.005716061209846,4.668943697293345,4.589309565321364
Lysine,13.561658425933285,5.157523595078676,3.6412308603872994,6.051937108138869
Aspartic Acid,6.734095438916033,6.121429903335301,4.245911661731483,8.055065491756485
Aspartic Acid,8.854463150902948,8.046136944116316,4.3007700199289,3.5506832422644417
Isoleucine,11.600996483531945,10.865289138324428,2.6002805556408033,6.35297694215865
Glutamic Acid,10.358549208853368,4.901392314238839,4.415489569112319,5.189845359601823
Serine,11.065719785626918,5.424650178875942,5.306203985868651,6.186234886456955
Glutamine,7.492383532413486,11.376763313121032,7.036314495297503,7.064676435875532
Glycine,12.753606985757859,7.181073800240495,5.028488328027424,6.331212761832137
Valine,11.554032191514578,5.667382880465068,1.8472965822011282,4.484666396832218
Leucine,10.803251010982947,10.186054391650748,5.707095726397353,5.248130792649782
Leucine,8.628779437836384,6.53540900830326,4.488138876660493,8.139889470486699
Proline,10.647600255211891,11.082264606016322,7.740819387967733,6.493399340886148
Cysteine,9.41702004201302,6.008838869060863,7.858915604088015,7.260478691377273
Methionine,6.699017579924476,7.521216314525012,7.9289086245346,6.375442965274564
Glutamine,9.899154296557025,10.834914996166194,3.876824129253441,7.21367410236288
Valine,9.686539203554949,7.321217386478746,8.979710146675114,5.405780865094018
Leucine,12.12480301975024,10.268159966235938,5.701885009791414,4.848732529848847
Leucine,5.531147115371595,7.803357179656985,8.252760811337266,7.14554657377207
Tryptophan,10.470399657709402,13.945075419200087,3.9947607723364804,7.691061015668334
Arginine,7.688863903788565,12.706335812308547,4.402806524780747,4.628578033805037
Cysteine,10.638446684391093,4.015711212698756,5.548054705344171,5.136082782864408
Glutamine,10.748560111154612,9.56673104374403,5.303755219227879,5.75516035765364
Tyrosine,9.826310445739617,5.550788041696874,7.509623886938339,8.429736907473973
Glutamine,11.614586249622167,8.574520816378191,4.535741362903091,6.844703182752389
Ornithine,7.508467881800602,8.205111887930784,7.329229980620713,4.01386975520117
Isoleucine,12.2154409005634,4.833838948722537,6.4644690142653065,5.860525812615748
Proline,8.583842267611717,11.175453630590974,4.573215562785703,5.631181866374349
Glycine,6.8882026990202085,8.609908830707225,6.309353234964627,4.2400956659941045
Valine,9.455208059000382,7.145950892982249,4.053469906333903,5.842812124657908
Glutamic Acid,5.809684954640029,6.685670527269216,9.700411600011442,5.564943840590441
Tryptophan,10.508347784492404,8.419330909298706,-0.3286646421488939,5.457551214574262
Arginine,9.481499114839549,9.223775052542855,6.345886408990078,5.388927948927283
Isoleucine,12.467373842752071,7.625072640925202,1.4708081814459057,8.207090322523205
Proline,11.297848421013992,-0.49755871232862603,4.548686593563863,5.4544453258492265
Histidine,7.21600732562398,8.05067214872745,4.828783821057508,6.074506584450397
Threonine,8.32322501776423,3.6755538151706677,8.015267117827367,5.911852931584907
Lysine,11.041328841068418,7.371642303052774,3.6156955758462193,5.242474724448996
Asparagine,11.694158019970068,3.786307228791075,7.616023831323556,6.119257098551547
Glycine,12.44500182977376,3.7505070947615984,2.6423667195504064,6.0980258941466445
Tyrosine,12.429018570610696,11.705365465845585,7.693339447509732,6.119634790348824
Cysteine,9.82095477950419,7.039724057166829,4.051309116193054,4.711150286855368
Lysine,10.725311244502338,6.8100135205342465,5.1468690384822375,5.690813239121038
Asparagine,12.597477007887592,9.447572146485774,4.327242673779192,7.140482813024787
Lysine,9.393383076128103,6.888228430782644,7.564726948231208,5.730275052929939
Arginine,10.759452373880247,14.311418276382229,7.1754796864674955,6.242672868901887
Methionine,9.346238440640697,7.180940717821942,5.88700344116905,6.250555501089533
Histidine,8.898103771069145,9.09537623594903,2.696263230826452,6.6260926961008755
Valine,10.096770236571606,10.912823994130584,3.5699562639395146,6.837976372520716
Glutamic Acid,8.624913097320817,12.806759676820729,2.942846948987749,5.7387740853761695
Valine,9.738168054460502,5.77398159302708,0.5037142264156733,4.632997045361855
Aspartic Acid,7.930090270935734,6.746109488484066,7.522636203700093,4.171927006987686
Lysine,9.620011225635242,11.823775625880543,4.344352947314606,7.526529619104538
Glycine,10.896780587231722,10.430186912158074,4.323012071415405,7.1553756719566
Glutamic Acid,8.822472927586409,11.225527807005376,7.99220446685112,6.974047026506289
Threonine,10.018583505061825,3.8938863693209953,4.048022795227265,7.21680529179401
Methionine,10.278685187242528,12.643999261772056,3.3190581286281384,5.757666024561168
Glutamine,10.90506978364267,5.7157773701455845,4.550508758970031,5.062685373351675
Glutamic Acid,9.732840317389568,8.576878934425688,2.7346618962462075,4.529388885302943
Tyrosine,12.171732683735613,7.555331367224689,5.688711538575912,4.365975005121751
Valine,5.798162277096164,5.364551490355789,4.25267584347166,7.818238032825496
Histidine,15.875505694335548,3.762392709736991,3.985457178812375,5.260282716368777
Glutamic Acid,8.257732471924967,2.7684556501013065,3.812193655959396,7.58228860381633
Glutamic Acid,10.806780046708155,8.357055218161925,4.787557012315977,5.719671254429024
Serine,8.123064179588303,3.424042729299633,5.166962251039702,4.985638187636364
Aspartic Acid,11.288536319018604,4.598553214739351,3.9600498231849564,4.358452803674785
Beta-Alanine,10.553138305189856,7.345892365405341,4.2824681278097065,5.117768464518374
Tyrosine,8.69857292530982,0.08357449922030113,4.836954346361302,8.127358174359436
Proline,12.146174690820626,10.336939136132004,4.635163728920922,4.3736848803302815
Glutamic Acid,9.672078240796157,0.7703354986795761,5.062151933750028,9.175120232219475
Lysine,11.094431876114008,7.7678828260016815,3.6466583935039725,4.739088858795535
Glutamine,8.165680389607928,8.045057679782868,7.0091858182529805,7.124924955976868
Histidine,9.93822472885684,9.614185160545427,5.193656354819034,5.782123058617517
Proline,14.00681453436421,7.874957592830319,3.9923064943502453,5.519160626210722
Glutamine,11.92593105822826,14.053723891499716,5.68876843475707,4.092868834312296
Histidine,10.615241510902104,8.648950644705502,4.851262802362571,5.852410525873143
Threonine,9.102158344780408,11.16083719773098,1.5323472910326639,4.262571005450994
Ornithine,10.134997071750018,5.829611573389136,5.681905380443252,3.4776343503488394
Serine,10.395131980344765,8.362270418568404,2.9609875952316256,6.179398017326173
Proline,10.89845686983949,12.642710285086778,6.8688555664626145,5.0468653397463665
Alanine,7.846678983644669,7.286914625931077,4.516500722213106,8.526522774187471
Aspartic Acid,11.33681592188473,8.576704292585692,6.560140594782128,7.500032572639233
Asparagine,7.820813803410695,10.942560347412424,3.739562893604786,8.546148272005155
Methionine,13.262251704563743,5.773311439425097,5.13985853428128,4.978675643238152
Valine,8.456743355166243,1.5153190000424202,7.420487001013752,6.204206610196931
Glutamine,10.59325663935235,8.766720961137107,4.461966907170355,2.068993560478421
Serine,12.010285146556036,10.966007508074007,3.8183658025283904,5.577296428969914
Asparagine,9.495239913071101,3.945662705324086,6.310081227563579,6.1477475220370215
Lysine,10.681200038199718,10.010659691832016,6.271323193501921,6.231072116552658
Asparagine,12.870363098380103,10.030899162018613,3.9025017331703626,5.936447384187491
Aspartic Acid,11.128805975786532,1.1795112226540878,1.0290779591644754,6.099888857627502
Threonine,10.711101259348705,5.191134102779683,3.7799540450032882,1.930136048754882
Tyrosine,6.630429210359075,6.812513657805013,6.354719043372844,6.384332754122967
Asparagine,8.132555494519554,7.4611279992942885,3.449931621152552,6.725159837895058
Arginine,12.093840255300023,5.770597205696049,4.978124325967609,8.007038103943277
Threonine,11.139900610682766,5.6089915892534545,3.6850301240673122,6.553107088915396
Ornithine,11.442932547570148,13.014448673546276,1.1356656749479006,5.803894399930143
Methionine,11.270793864429795,7.677322604423274,3.6490376459201443,7.657412883346458
Valine,12.579513056750748,5.914869019550782,6.346264041379425,2.4639986631007815
Cysteine,9.477200150089754,7.87649156926235,0.2594950398683755,5.227577204059284
Cysteine,10.240999917578602,9.61127249918343,5.504334700951151,4.851285029911933
Glycine,7.942651333741832,8.154879130133624,2.6278615372011735,5.948217300253034
Alanine,7.443954833127248,7.38281722751608,6.216884138948384,2.701960781656253
Glutamine,6.712518568823885,6.0499499939886405,6.4286378717473065,7.979453493365578
Histidine,8.229673002000304,6.013607463597203,4.6561041301774475,5.625285150473631
Arginine,13.105123630979284,6.206574840543921,4.660663682437556,6.478195036738401
Glutamine,6.894545864367925,9.01644380243221,3.3872746057273972,6.334636837589842
Glutamic Acid,9.392928028845605,5.017459722794639,2.308833199790068,7.893734842315426
Phenylalanine,7.413709352707684,9.179807670410666,8.396185812667467,3.207074797688929
Threonine,8.798052073993277,12.23898426688049,3.2698571456577445,6.1684817482047185
Ornithine,10.339387584704038,8.977122073439599,8.135592262392944,7.71926739105729
Tyrosine,8.599768253589984,6.8912434132485885,3.2809999203996463,5.853020329918963
Tryptophan,12.179329730032922,4.105619344836109,6.050380780675456,4.5730959102925475
Arginine,13.067956241699134,12.734320423734543,2.7243856806927305,5.094164826516321
Histidine,5.501808543888122,4.489947048203263,6.04679003380403,5.410586997290393
Glycine,8.634015339297754,10.545686103427244,4.348825285693756,4.918424955715516
Isoleucine,10.118284244544844,9.915553581783456,4.374967678648659,5.770783324398961
Methionine,12.252234052030762,7.289694191107821,6.220046339568901,8.262371104777502
Methionine,9.091511449693476,7.211063588657966,4.061717269841804,5.103952851693776
Phenylalanine,9.960129209508379,2.4928661778769383,2.143703009109805,5.268489038581501
Proline,7.686511549896103,8.990195002437865,6.522611126818905,6.6896708760754695
Tryptophan,6.9344082954753095,9.859778997187414,2.7081988200353435,5.737769454054186
Aspartic Acid,12.890769379165867,4.732759651556586,6.03303456879582,4.006222299982676
Tyrosine,6.351860252214126,7.532535577012691,6.945993090666001,5.908217343331468
Leucine,14.65723801684313,8.113585745026851,4.249012227295565,5.851662851404612
Beta-Alanine,11.450302798763483,9.753717883848704,7.364705688183568,7.46351751815723
Serine,11.359946151033512,8.011409228369562,5.963567415722568,4.541771402696008
Glutamic Acid,11.15093733498886,3.1210419381152477,3.6082771597104486,7.473479224133165
Threonine,9.494628623998072,6.410186691612532,7.802858004532149,5.853253781850085
Tyrosine,10.784169059401739,8.673877356167058,2.716656356521219,4.338087493627507
Lysine,9.62220662443105,10.524585026119277,4.246599140192869,4.036832531884607
Lysine,11.10614655288096,6.1470901718172595,4.5873703927613425,8.901582791862795
Phenylalanine,9.932626946182568,14.56294962365006,6.210447402036511,5.760125965746839
Proline,8.09930363379653,2.3165807934891056,7.230866594762269,7.4047561750957325
Glutamine,8.258854767476487,6.308899474826297,7.105583113805427,3.4378209080878053
Beta-Alanine,8.031455249414993,7.7508991895216806,5.447496639148612,9.956542331945851
Threonine,11.941801463868618,7.397752509341408,4.439461791072866,7.339866942550692
Arginine,8.765106775081804,4.303573010555502,1.3480315167447396,5.616839678767186
Proline,6.1757936778302795,9.343585243255381,2.371708291089567,5.540751213216735
Threonine,10.79367733169761,9.113282153941766,8.533310978582872,7.101897192454493
Valine,13.029035125179163,8.14388433794464,1.3278560249949214,7.01577253008757
Tyrosine,11.546166378355053,8.995531589775547,3.4310187135157806,6.273793920596158
Tyrosine,8.793352869556575,6.728670765655908,7.289212564100179,6.016318137303346
Glycine,6.826376568809822,3.1479111496742966,5.419426598394734,6.841600626038875
Serine,9.731463793284979,5.850080389843265,6.856090142011384,3.3874446703797343
Tryptophan,9.68155224380658,8.471163744228324,6.085656702541353,5.443087931078621
Histidine,8.061600779372467,8.488233244539188,7.939165074721773,3.529704212560731
Threonine,11.102074604485075,8.124137157757543,5.59085457312977,6.9068885170537575
Leucine,13.693253001660946,9.646124803955095,6.326895458303023,4.986279043450021
Valine,10.444565434916568,6.256561863649951,3.551506935883319,3.6426328819812333
Tyrosine,10.320952413997691,8.080043171331608,6.172665951156274,4.809320213971546
Glutamic Acid,8.125543902332355,9.716278335214763,4.207747804021542,6.224034302198678
Leucine,12.794829406120744,7.74533054449294,4.093788264038575,5.692157426166284
Phenylalanine,9.849711666379967,4.2700282147817035,6.7894470292942755,4.24026516145084
Asparagine,8.842073489611659,5.115534891033387,6.803246752118728,3.442697097404076
Phenylalanine,10.127376787303232,10.4925569728381,8.376884311492262,6.110899180545753
Glutamine,10.943922666493219,12.177416488827717,8.246526370972402,5.128847839874309
Tyrosine,10.278430817289806,11.525849323472148,6.834630322717551,5.6128789352039234
Tyrosine,12.412306791341184,8.696467849226105,1.559108779526575,5.760472218767551
Alanine,10.767943105093725,4.390602193949921,8.655361965899392,6.6450985307629775
Asparagine,9.43211637823493,7.9809453296813935,6.835935341332725,7.2704197526548695
Aspartic Acid,10.80238443265378,12.686765395851264,3.4682798198273947,6.219763801437665
Beta-Alanine,10.999274202251915,9.855465141369427,6.457818311125564,5.519306175360534
Asparagine,7.407248161472316,7.377567431948382,2.9254685180745432,6.037145307143704
Cysteine,12.29883945652743,9.885875698523648,6.237260240219483,5.491144549110568
Methionine,9.398191961277282,4.191814380153186,2.3674599178518014,3.5361699695503184
Lysine,9.44935355298914,5.912985866455394,3.383563182426727,7.637919256934363
Valine,11.502751974151892,4.747425826933025,6.419858258401053,7.355158293731706
Proline,11.494330448519163,9.408715455045298,7.145773485985787,8.982500990370895
Serine,8.598336642267828,10.142310499160278,5.65087371886762,9.420748959716413
Glycine,11.605803236291372,7.5385219184049,4.4276627266240585,4.235969801620859
Alanine,8.879103697020952,5.381210969781302,0.770267409966019,5.496900119431757
Histidine,13.639146093397311,7.940752719396118,4.58195780069728,9.767309395305213
Glutamic Acid,8.343612037468473,6.540260327978578,6.066970153649056,5.939174076626648
Ornithine,10.478954923411793,5.611487885918766,4.366469788128706,6.366316353820128
Alanine,8.435964726184785,9.01698105592774,4.954844117811164,3.718305072458131
Leucine,14.44539125827015,5.726023332443979,4.628765064164158,6.225432947365161
Asparagine,7.524358111825768,3.3009508011077227,4.356587564357133,8.897910562138634
Beta-Alanine,11.04872549450582,3.9676565889104394,5.151754779919625,7.929938715155293
Beta-Alanine,8.5301791710444,3.1902185995521517,4.454610835695079,5.085023067722185
Valine,9.291784717104026,8.742535749728614,7.886579107263884,5.405525450147375
Aspartic Acid,10.907075667490352,8.45121631452849,0.5871623032325344,4.303649561258605
Cysteine,12.449168875252287,8.301560283524486,3.908314828057845,4.723255289625441
Glutamine,13.246793124598092,9.763194957439827,3.2594875529655494,3.1346821068202955
Arginine,6.926104079947359,11.575876568351351,5.43822120006882,5.872770488010386
Aspartic Acid,10.535502448728923,6.223200407524654,5.1542895717662525,8.265166019895617
Tryptophan,12.918987206767042,9.219432431715255,8.244386203098857,6.533147886140624
Phenylalanine,6.629378122476119,3.2611534777823694,8.90228409659559,8.049358484948598
Glutamine,10.628766988109694,12.136129238790051,3.453833088859038,7.609874101388997
Asparagine,9.995832405159632,4.265506285345529,5.001000130067259,5.179787865641058
Tryptophan,10.829083628759577,5.869756642878688,5.392608833848711,4.860740007890327
Lysine,8.45539194934705,6.206871458800723,3.404372503325328,4.918223164722817
Tryptophan,7.12876234357312,3.421187009833364,6.256764072075246,3.4244070773369266
Glycine,6.173787149641949,8.097726732225686,4.520985262470111,6.048495349193362
Methionine,11.952767906924205,8.641711604604446,2.8647302987980443,1.6433034051343691
Histidine,12.208098272966708,7.431758987055351,4.440863391466914,6.887123263929579
Lysine,10.605370697991972,3.3792571039067703,3.0046508545187027,6.1078214035783125
Beta-Alanine,8.931703300623806,13.950158704555134,7.073293658838511,6.70715979974226
Glutamic Acid,6.7539082130685095,9.647692389504943,8.80311851022734,7.5855244244222035
Histidine,11.126690925010047,15.902666130949875,5.489638747789079,6.298191882508281
Leucine,7.79844143432663,5.584672280341122,5.222553536106552,8.447357606482134
Asparagine,8.577402750478925,10.873646684530929,5.304869533748372,6.932918716428315
Serine,8.826871840874563,10.33782166218249,7.36446805787663,4.864309729775925
Tyrosine,9.604929548606064,7.128274690707913,7.321398007194366,5.643433436781182
Aspartic Acid,8.481919105582703,12.233152703177673,4.7686928629035386,2.6080634598747947
Tyrosine,10.066917541984605,6.783769977158665,5.5051798547581825,4.646714339291751
Ornithine,8.756363398987217,6.917325741726179,6.305292814354157,5.428505391099914
Valine,11.402746129678446,-2.414289675815148,2.724625086898532,6.819410414336499
Phenylalanine,12.062125827976107,9.227084161227912,7.425216474840913,4.874458457187283
Glycine,10.217085352056877,4.02347026495278,8.469663782454456,4.130603979098354
Proline,10.925252670762205,6.347836412913466,7.330064209678914,3.1687021454878113
Methionine,14.235711899251779,4.921341083764918,2.50881217677089,5.105373722110023
Alanine,7.654793486277368,6.901305382045215,1.0599990891622517,8.926277703551895
Isoleucine,7.533063797439789,9.331640690652307,6.417437347035863,6.406660552345549
Arginine,11.38999580155375,8.033424689146273,3.479621102075827,7.409369118532768
Glycine,13.893085675029532,10.128923871517422,5.574266708245972,4.649918651003626
Tyrosine,9.479002876122555,11.796888606756895,8.070297440015096,3.639825359846672
Methionine,13.453667684437521,6.893612189966493,3.68608964720318,4.168383803867899
Leucine,10.19286743758698,6.564298273951659,4.24489068718208,5.854303336263544
Beta-Alanine,8.638225435921836,10.873182960986028,5.553445945176632,3.008806734781115
Leucine,8.018615222724593,11.11114186621979,2.404980720035539,4.490114375385344
Glycine,11.258827169773575,10.221772604309141,3.4842876079882474,5.1204589710430595
Alanine,8.170081864434607,5.143463579781952,5.049715007502538,4.018612040905048
Glutamic Acid,10.162553685534055,9.26796519650481,4.399090262364497,2.814475474012756
Cysteine,13.166930050768187,8.328411812141868,6.216815507598453,6.434480547314637
Asparagine,9.386439214257258,11.15758682404899,10.531959228878534,6.068807167326847
Beta-Alanine,12.6280189492878,6.281383731386754,5.198276678836249,7.168544801445194
Glutamic Acid,7.570913020547186,3.0001691265502517,3.3165761079239817,4.334361376121336
Tyrosine,8.9321817973664,10.070710401140818,7.836480709515129,7.139884114571207
Leucine,7.185711947570168,0.32489485022869324,1.8223630493595575,8.293956291730328
Isoleucine,10.145993511946715,5.80545978831101,2.2221836579417853,6.3933220983552825
Histidine,11.560156359433165,4.930413466045117,3.809793122704553,5.08509555833001
Valine,10.150374175212372,4.910195987282759,4.434226558960749,6.217620974263866
Leucine,12.454100119940303,5.7529055871347134,3.7618545269655828,5.013318916056634
Asparagine,8.50164151874174,11.65212070925489,4.936975351153954,4.763574663481872
Aspartic Acid,10.450685507378134,10.461666257019118,5.54948380549269,7.0248905842549885
Phenylalanine,8.945061352772287,7.244807954022485,7.137919070550276,5.791424520319202
Glutamic Acid,10.72335317084731,11.400870415577147,5.182376547687564,7.807643480175043
Methionine,11.007472092424852,4.813108534500878,3.876107504609797,5.336365516134645
Methionine,11.164791919968126,4.405149842758526,7.029290772878824,5.4882381289949835
Phenylalanine,7.858811323528796,10.590789977739771,3.364569048539739,5.150233507152792
Valine,8.220507796426862,9.738929687967941,1.7347945086253538,4.319724841969192
Asparagine,8.591424583617622,6.619209795250031,7.411912035809085,7.2216373479248865
Methionine,9.522238504266806,4.593617318905609,7.2837064896219434,9.278567496921232
Asparagine,10.17437280841286,12.37919562511382,3.4154032155917875,5.426659142150772
Methionine,11.416178243713354,2.8396923471565447,4.201802292358149,4.97925608448749
Arginine,8.303802601321536,6.204722193969319,3.166144909340141,4.882014774439364
Arginine,6.797961404596496,8.685729582553693,5.653248435130268,4.98040015859943
Proline,14.31148632641358,13.406494425294337,8.464098582736163,8.474675529361203
Glutamic Acid,7.73709395869514,9.14930063621966,6.405763597190244,4.922279220360163
Asparagine,11.672647445991103,9.440913959039896,7.071449285166065,5.12209979866569
Ornithine,10.062533754497348,6.291848899555618,6.639456663382024,4.139468621773542
Histidine,10.502611281612761,9.705440675823795,4.999761702881813,6.440473160794606
Ornithine,9.996898988328194,8.31592796263726,7.166680875822632,5.8991556567735195
Leucine,9.230316236105748,3.2346063787473254,6.4900611258256,4.294231836296159
Proline,10.927944565846918,10.37880456047932,7.878891430306272,4.660755604022881
Tyrosine,9.122825587485409,10.911180169540554,4.080902117676487,8.299400055803336
Tyrosine,12.33260549447358,10.410095146463489,1.5237767209092268,6.049061634403152
Lysine,11.13688201251231,8.099983776997407,7.090502029746155,6.152528093170947
Leucine,11.199188226562988,5.1314693505510585,5.699539041212116,6.158480737539092
Glutamic Acid,8.98575387988682,1.0724488061454034,4.4079077993575275,8.091938082316764
Tryptophan,9.527290525822009,8.471160816204351,4.519694375385018,4.432178456518934
Isoleucine,7.62417438271587,11.245826179222547,10.109372651804232,5.405406719735318
Tryptophan,9.293967886548876,10.986597407249242,3.715610694931458,5.746552190006233
Threonine,7.926848167287405,10.448218530181544,3.2933933863473337,3.4182362620654136
Isoleucine,12.62613703117743,7.777367064351828,5.170568466986704,4.625787725127985
Beta-Alanine,10.101071631188011,11.26239252209449,7.360981755945922,7.570012240921406
Beta-Alanine,10.340994470080862,10.772485471567709,9.556803973058456,7.140320244495176
Valine,9.549706945299958,6.732099317835326,6.314729926779142,7.405600312653046
Glycine,10.395157844102815,10.029794049847542,2.45918251204114,5.116364666202898
Glutamine,14.929755271715367,6.392122563772125,8.941728541435598,5.301457139821745
Leucine,9.399719431215017,9.620072694850766,4.961062601845806,3.317901757442951
Beta-Alanine,8.699173930580013,4.102650067096799,3.324581136210061,7.397901813474465
Glutamine,11.059386265810886,4.333364573981235,2.841215085801292,7.644978403149144
Methionine,4.948562732795024,11.174621140831722,6.672657438670912,7.625881449803412
Glutamic Acid,10.127913573821866,10.812680366614295,5.477658772372828,8.40613688021586
Aspartic Acid,9.256574193414199,9.900834621727494,5.690150753891701,6.633162890234859
Alanine,8.015373467927812,8.263906463158492,7.573006238143861,8.335322754820039
Alanine,11.015515340623,0.826176706927555,3.3956908169807116,5.6992880862631825
Methionine,10.107976836891586,7.775372185380531,7.732309256547296,3.3494844524916747
Asparagine,6.395182185011565,9.362549501569514,3.9616853544126194,7.291087015860176
Ornithine,8.706940957615124,6.395800257321225,9.328014747824714,3.294166310986957
Isoleucine,4.223457589614551,5.862517421575287,6.1974780319862806,6.255303074240048
Cysteine,10.586538628267006,12.333261164461074,3.1595229404472454,7.432985703186383
Proline,10.566598836880313,7.819133025825165,0.9491638333590409,6.486388194052795
Threonine,8.413436212332654,9.36438550892714,6.617849444558023,9.417364605873413
Phenylalanine,11.080225423366253,10.322394384858095,4.251639448019633,3.051106508779533
Isoleucine,7.435002757756955,4.995688770484767,4.6888686109563285,5.875708991196126
Phenylalanine,8.066965948130013,8.57962226814258,6.532392018348214,6.026183197878984
Glycine,10.834380928765128,11.958933483431899,7.020827652501311,3.9838457757263797
Isoleucine,8.622666490074113,13.457669549899164,7.447420681338581,4.269400813913572
Glycine,9.87468608759511,8.119809191644071,2.650317383234127,4.7323070837601
Alanine,8.872701945147314,7.2861693579587765,7.851789499249177,4.3505290589261065
Proline,9.178137687401632,8.8070722044126,3.841909327663701,5.838008024754198
Isoleucine,9.265551568090014,8.730911141082563,0.48750013050354646,5.0955526497717605
Serine,8.586486485563645,12.16027419839346,2.6431193062799085,6.476862576143512
Phenylalanine,10.604899428720248,5.010824932498799,5.43605018426513,6.974145699304594
Leucine,8.744143026492102,7.160380741501935,3.0423715078377214,6.872668439578334
Alanine,10.031373427591204,4.648576019370468,4.823911061647912,5.384810632222866
Arginine,8.542536637251194,4.963715342607268,5.676504975058356,6.426713444196708
Proline,6.931402747231083,9.129722045417374,4.637229193781429,7.5526933742650995
Glutamic Acid,11.824870498518333,10.42957352491108,4.011291324286566,6.668346871916235
Methionine,10.999053970190817,6.051824918768764,2.4986078740235476,8.78846654166513
Lysine,14.577364137595344,10.316284366925869,5.0438876164306645,7.473268480150032
Arginine,7.912054320003484,11.334735971395904,0.8700852248305297,8.577610608972693
Glutamic Acid,9.582079025335938,13.804117995300171,3.6280039165611573,2.261485308104903
Arginine,9.742985038288388,8.209240546523146,3.144431781878478,6.145014181710349
Glutamic Acid,11.978738876564263,6.080706417667601,4.52124629698217,5.514101248571673
Serine,8.985784211734783,4.9925842051823155,4.573340401381461,5.812530404528677
Methionine,7.6579162916482915,4.694620406240319,6.919913348867491,4.792560869843791
Isoleucine,12.415618616922004,11.74934210421082,8.166954554499199,6.5942991005762694
Phenylalanine,9.366699941477544,3.4547139711330486,2.7644423195260597,3.287465351373881
Asparagine,11.757287019452086,11.6532454569536,8.985665250540059,6.605155294306936
Isoleucine,11.524396801584423,5.394676912243554,3.441408800957136,4.84243316972919
Tyrosine,9.9402190521954,5.944381406421783,5.34505356584618,5.249420864819349
Cysteine,9.651372589930505,7.545333634970061,6.021725978296636,6.657752654348607
Cysteine,9.216870387340391,5.889036351300466,9.889165505165012,6.1181665917995005
Aspartic Acid,9.969613742460021,10.795939264878726,3.9154353244746716,7.58088136710968
Cysteine,11.726200452341262,13.440031855948327,1.4065239740438935,4.545744741231016
Proline,8.407119637880841,6.027703527340586,7.980758940385963,5.878941521674309
Alanine,10.21769126041824,6.70328648250612,3.3332528824091305,7.333159675516726
Aspartic Acid,7.762737143602385,7.510037578148305,4.2768228388488145,6.541799615627098
Cysteine,8.011787533915614,9.623170290477914,2.7645006921476494,6.638391380194195
Beta-Alanine,9.938122005688752,7.539547163132431,4.282592453902162,7.662064287574851
Aspartic Acid,6.079683983412336,12.161772233157787,3.3192169275891183,5.390636326695708
Tryptophan,14.121117233232104,11.439871749685782,6.352883632989543,5.074753684316594
Lysine,7.613880090179528,4.4436129392147,5.161583259443959,6.863856655398504
Tryptophan,9.919822974686893,9.562904496724485,3.6378896787706423,5.7758527709833665
Lysine,12.336435443633729,12.561017711928509,6.991743953317855,7.683305351546573
Valine,8.274189322499003,6.51565716269935,5.509993501349197,6.554660155672584
Valine,5.394606020910567,7.11720538461933,1.3079034991118892,5.064973979564607
Glycine,9.110108479750657,6.415889006441134,6.839406628168604,6.507576040216713
Proline,8.250359239847763,6.478773153429483,5.3697357677052695,4.645950503666199
Proline,5.4472529828159955,2.994645344266856,7.781464975183085,7.420392702535585
Asparagine,10.569779785144398,4.0150551456048476,5.24783485268529,3.9042715401777723
Methionine,10.414187724465902,8.23242115621169,3.41658129886481,7.833097911294278
Glycine,12.284652909076703,12.540793923958335,4.591409333396326,6.481314766776865
Arginine,7.7583552689592254,6.159917562445152,6.607838661761441,5.753158545565989
Beta-Alanine,6.801727027105974,6.071728091154326,3.458525880598275,7.145001226400815
Asparagine,9.186553833906832,13.104563211262203,4.119406425784883,6.766989966243532
Phenylalanine,9.82331468198181,4.675227614552039,4.556622840001865,7.995572528487091
Leucine,11.842699205972993,3.016270511880734,2.7012567795682543,7.9815926075302
Methionine,12.821136010010317,5.514453691587501,3.487353150742851,6.52843566624943
Histidine,12.428958267814693,6.011646563616901,5.34510038360838,4.692343967937634
Glutamine,10.553087333785333,2.757640745914804,7.404955495306016,5.187736499330638
Ornithine,11.598998507008297,7.6158748811761665,5.63429396942095,5.892529671282527
Isoleucine,8.719013130461631,10.845339049584606,4.9082774812619565,7.6225825415926405
Glutamic Acid,10.336790384950493,4.142135678855521,3.3374584520953783,5.3154203079937865
Ornithine,7.617419721424388,8.262734656860767,7.190320823440464,5.440589219354795
Tyrosine,10.125370793773746,9.18780702688032,5.867010999893685,8.77252594390114
Histidine,10.177293394796026,7.749847174177121,3.586540472961521,5.84355223293341
Alanine,13.44425721136994,8.557077769223179,6.797296917369801,5.047902164600092
Beta-Alanine,9.542034277019507,8.591981787785633,6.119154123020934,7.164969042591221
Alanine,10.180085675306573,5.561816129244704,3.372939301267528,5.915798575560623
Cysteine,10.473922831424085,12.495747716035606,4.7972434874716,3.915601254849652
Aspartic Acid,9.090359368223094,11.743270502228647,4.014454543514126,7.56137112421106
Glutamic Acid,8.395014533576706,11.569734191723503,10.26707588006321,4.879441018951088
Lysine,12.597622649694104,11.041027221631591,6.063489766251317,6.065378397584364
Leucine,8.038165114079405,3.2750615917009283,5.37352410969648,5.897791329318966
Tryptophan,7.344163856625453,10.778187133435898,5.945326112153427,6.345151760204795
Glutamic Acid,11.360530758590961,9.966804282648523,7.758325176394996,2.713388891153003
Valine,12.31562968404802,3.3904291551686505,4.833239711123069,5.497350781801148
Serine,9.097180684798722,7.355268934549765,3.8201814042684874,7.687255590173553
Alanine,9.12789302470024,8.830380347975865,6.6885664561948355,7.898168279837481
Alanine,10.565087052213586,12.992951294373906,4.650110867997376,4.513064427539518
Beta-Alanine,8.584294646513634,10.174171573682777,2.8602093418389933,7.380897364067724
Ornithine,8.436574958776063,5.406302818165095,2.470627136487883,4.857855368361624
Ornithine,11.759185175972732,13.08616537535589,8.058593101679067,5.438201610919075
Isoleucine,11.214262201567237,8.131339288141668,5.263289133838569,5.517023450311123
Tyrosine,12.62231777263621,7.232476589290725,3.8208652320151977,6.163205564558112
Ornithine,7.494821975269009,7.018645410233564,4.531330177915873,7.502049684436294
Proline,8.995075026178768,3.1293342859306,6.614889436016703,6.396876804043667
Threonine,10.562359124538906,7.670691488551573,4.41318896831591,5.810802359514233
Valine,8.148758300451266,9.492455771916973,2.1011605416451635,7.450966849557323
Alanine,11.283374874309299,6.843850017424353,5.651681704295849,4.796007914649428
Ornithine,12.449254174452664,9.261357431742676,7.416695635147127,5.884173834798076
Cysteine,8.833284055545304,5.406826787257458,7.282928635944502,7.493671842566293
Alanine,10.077183880454067,7.577216257167141,3.8813401237255096,6.793959317685859
Tyrosine,12.911237380162234,8.949620979825896,7.538345312916759,5.300544033832631
Glycine,13.598543150038,8.568982631190263,5.425899947343246,3.730564850099599
Phenylalanine,11.491602502120807,3.1836047308428608,7.482294687757454,6.466287286192217
Valine,11.186858346387218,6.682982147386314,6.147374060005108,3.631987197145516
Proline,8.292526930630176,13.03238879093782,1.9568063147346608,5.681247952963252
Alanine,10.718418800915682,6.522661777008446,8.493477875016692,7.768422598855001
Methionine,11.113641681549996,8.047422632335518,5.103567702397907,6.895137969452774
Arginine,9.57925968287791,7.739732748353167,6.153587647827634,2.964519032981749
Threonine,8.810447490888675,12.704719276758954,2.3119107430563117,6.300677256510475
Glutamic Acid,7.43740465304629,11.87110436658401,6.010653000156131,5.521245128096108
Threonine,6.524540489897415,10.422592999456429,7.205855465485319,4.089423898911826
Beta-Alanine,6.104232973357674,5.0802730598823995,8.870640673196808,6.502531943703153
Glutamine,11.158885145734523,9.07754914757624,7.800799589590564,5.262393226813909
Glutamic Acid,10.295398650453555,9.703825229225394,6.1084494078920795,5.271698942040754
Tyrosine,9.032377736917807,5.904185493211837,1.9112452933032276,6.1860676776400805
Serine,9.337087404550722,5.388448682456933,5.2645455809948425,5.0611732036477735
Lysine,10.420941083060969,13.115042441621089,3.814980869574139,6.143603750799845
Arginine,9.670873857982812,7.097590063349213,5.4699557496324935,5.110012665555098
Valine,7.318893639992344,12.844930456733445,2.567348334409802,5.192307809066187
Histidine,11.826000440548599,10.9912812664836,4.579666184416197,7.489394653943292
Tyrosine,10.608252341339618,9.223630347125965,3.965633832387863,7.642007454570415
Glycine,10.531796959627696,9.357594309078454,3.9036672880615075,3.4370186292860625
Alanine,11.675125406716745,3.7987413190076973,3.923527628017691,7.120609265769829
Lysine,8.372709287880651,8.620324339503249,4.728290567223511,8.097886506939158
Alanine,12.427462875451685,12.251061238944878,5.572389518096044,8.336065226105365
Beta-Alanine,9.719914296115524,10.044018509556826,0.0030128242570981456,6.780569588827678
Isoleucine,11.77719776066175,8.46301006119323,0.24713428732427278,4.413903213384154
Alanine,11.46889806697531,13.13581158745109,4.322617320156249,6.944971260521302
Tryptophan,7.922396343994889,7.444877832017588,4.604461910588771,4.696121467176125
Tryptophan,11.005800809828273,6.141332974934947,5.378222433207881,5.485552250765019
Glutamic Acid,10.652549341693371,8.461495748234771,3.544655290287552,6.574623235567229
Glutamine,10.060623314988684,10.299402104334789,5.018930388045363,4.792860980071891
Proline,9.811256499929238,2.846617712575217,5.25304641003611,4.280399539923323
Arginine,9.828213500564416,8.854605930471251,3.530883806269057,6.698659977736235
Histidine,11.62537885128799,10.43103504660893,7.026911643482202,8.800836306468472
Methionine,11.15582102758302,7.1910751241094175,5.353972622910121,7.864851495719195
Phenylalanine,10.060957700531329,11.320894298907925,6.09392219092658,7.060779277575143
Serine,7.016127707057251,9.92355998723321,5.137691462567705,7.4687781533846
Isoleucine,10.988886828167237,14.424149355533231,9.20734620612344,6.956579245772875
Tyrosine,11.447227238355559,5.748191307256355,6.192794138235307,6.674850344114089
Phenylalanine,14.60082017089394,10.492129551488269,4.02401336758555,7.3479267593979705
Methionine,12.150866126210076,4.948028276607785,6.641933768736801,3.9474553619189665
Leucine,6.201647224169065,3.153900646169822,1.7247901650866564,6.2992279491643695
Asparagine,10.156858798037286,1.8934074715463813,5.239200525334208,5.878577690634235
Beta-Alanine,13.622750057329963,9.614972067190779,5.638320580183981,6.118354246716845
Asparagine,11.247097713803274,8.552743741832307,5.262041524157397,5.307941677879816
Phenylalanine,10.657304320746418,6.562846827914738,4.332442258322225,6.780731767161348
Phenylalanine,11.800457317830471,2.6794869981511606,2.9754532863259695,4.77310798546859
Aspartic Acid,8.755243610018393,5.9288401215839714,3.421305975898075,5.199217605911949
Lysine,10.956179993254912,8.01227902302637,5.2041498324947675,5.01918012952185
Cysteine,9.499063922016179,10.379508100379294,2.772961535144015,7.295919955904804
Histidine,9.96075302837905,7.950392749257123,8.540335231294545,5.98241474518621
Valine,11.656909031390214,8.756181028115833,-0.281795358687412,5.308751490304855
Proline,8.146573795015637,6.871602857077592,4.353124264910792,5.439855457475729
Tryptophan,12.575964947603877,13.247672607581464,5.220779278215394,6.00582092502061
Methionine,9.154376077828914,4.945251067015317,6.014841855666577,8.43326237830478
Lysine,10.521325666300815,5.902285348144617,3.1681505454751457,4.145219495479992
Phenylalanine,7.198984079450113,6.522925778019461,7.268589587776425,7.013264996519679
Isoleucine,11.43967458174278,9.628113193930172,2.2123379123741542,6.707793507046512
Serine,12.893007871893156,4.883420630639359,3.867742822784864,4.675551902329836
Cysteine,8.970716901563705,8.407155771643996,6.241495110558848,8.20030993523203
Lysine,7.7795532269808,8.494730430279672,7.0803771295855045,6.808920676321015
Alanine,10.555966129485418,5.91692608779986,2.1919974072378046,5.238400045155365
Phenylalanine,12.909621289983486,8.989938382870571,10.290073580830317,3.21088001108061
Beta-Alanine,7.100286869038188,4.976558303787707,3.205016873665581,6.343720251748669
Glutamic Acid,7.787383637543316,4.648777572614762,2.375635044944435,5.9328816228660255
Phenylalanine,9.091620883376969,8.298817269564323,6.005429783546514,4.4539306031008215
Proline,8.359312350938609,3.020733243565812,4.3034130928370855,4.434578384796545
Isoleucine,8.36562906678201,1.5655918923492864,4.007895374920511,7.302764800679257
Alanine,5.811758744672446,9.598499902390401,6.191288115139439,3.066457639018507
Cysteine,11.178113894811736,11.146909827773511,1.9454086191443816,6.471424132609554
Tryptophan,10.67744100573927,6.599590643922412,1.5957312000505954,5.718844537033708
Proline,6.602301600392709,5.995788043706689,3.8051532697135437,6.745732242530159
Tyrosine,12.914391519912492,11.016605677923678,7.15580347890665,5.558542485209698
Glutamine,13.362184629860975,4.5633853460032405,3.8918894131744324,6.439912447890472
Methionine,8.498188900439771,3.909882125836525,8.198313369057228,4.885837733206936
Phenylalanine,12.333097181954011,10.122909271125462,7.402029522343781,5.926192625739947
Beta-Alanine,8.854004390018108,8.027114559536923,5.5658923690149695,6.733625817226114
Lysine,10.36223302042212,11.194630217870714,5.679447718749514,6.226307806913205
Proline,8.328475729958182,1.579202363666063,5.564005250033711,6.570460263602317
Serine,14.42850304692455,3.7979780266443104,5.3194354573642,4.6081180508225295
Leucine,9.407965545340204,8.04299617953247,4.267516605043641,5.113988157172722
Serine,10.252898045646925,9.25302109545136,4.4996243335856745,5.139990241176082
Glutamic Acid,8.624125225072346,10.540991263068376,2.860079686814836,5.585265366619871
Glutamine,13.72263119447279,8.524453306426333,0.5799144214196401,8.037874304426742
Alanine,13.77322929217882,8.493965466075707,7.2081412185641,5.468731866696449
Leucine,13.261858362525881,6.831795370909404,5.3145168735705965,4.284660810351749
Ornithine,11.912880696695243,12.772714714713553,5.012422711243572,6.812468531775888
Phenylalanine,8.750420906131895,4.690929633588507,5.7968982457157585,8.019965147151723
Methionine,11.655700191924836,9.077060457667816,3.343205090412702,4.1081822222215365
Cysteine,9.985914402150529,5.03657349623594,2.997875573231134,8.959216132077135
Lysine,12.624817243485264,9.604335637415028,4.4326306126436945,6.622764903484608
Tyrosine,12.231804106730722,4.8889472918367005,7.736196963527625,7.550836183602586
Cysteine,8.70146884384815,10.231447095501375,2.6625179430137473,8.200607452564974
Valine,11.895651605674432,8.336314840473552,-0.2541307136163322,7.458926464061613
Leucine,11.364068900087853,13.233917519776044,3.957197816362495,5.834196604488477
Phenylalanine,4.452874274173103,7.156941058185243,7.285399832470366,7.826547216287123
Glycine,11.601873279258925,9.274898348742635,1.5349119512912925,6.381899654806379
Arginine,9.136408422719587,5.661031158617871,2.6394327923542567,7.6357270873614596
Methionine,8.227915091336653,7.136320980676117,5.527093481156338,7.799813225671024
Arginine,8.313478791412514,8.317248438333058,10.13981407095067,4.363655115040848
Glutamine,9.729514208735937,3.4183402325858783,2.283576662947609,7.19145169796551
Isoleucine,10.960119160173367,3.747128197445684,2.206131817064082,5.7271621222299425
Tyrosine,7.269075955615639,9.799577899506936,5.677396737678371,6.207285955176022
Tryptophan,10.379695672424928,7.5617395354049615,7.409348879987409,6.190639123264196
Isoleucine,11.153516132386144,6.221220400855934,3.7518025753485795,6.1304553263630375
Serine,13.723611567339264,5.7890414587497325,1.757211687755662,8.285287968343559
Leucine,7.84661966154974,5.904533612828919,5.867498441772692,3.950328559658905
Methionine,9.300775626444393,8.337652145024686,6.229682794605946,3.416484964695321
Histidine,10.523325945392958,9.33510759234857,8.557310253076498,3.1000648925016403
Glutamic Acid,12.294818660383212,1.7236783111243277,6.313894224648558,7.60371639590387
Histidine,9.391552237656372,12.238502170309676,6.656132152744759,4.839843762198511
Cysteine,12.397282743982103,12.025102288825977,4.475709712264188,6.19827970427233
Alanine,6.125275367047081,1.0080357093593015,9.883008684338936,5.827924313813131
Phenylalanine,7.493303613756228,11.257780088968392,4.20371597882306,4.67043728904003
Valine,10.697288688668442,11.165656553993127,3.7761557571764595,7.277215856333548
Glutamic Acid,7.1783510038242495,8.001336482562635,8.619029837037214,5.8088055476739235
Methionine,7.651058946466566,4.108494134345371,2.05152544220918,5.643397384442423
Glutamine,8.944446271508122,11.045684274995217,1.30518323094417,6.3493069616103766
Glycine,11.542877983831648,7.276306801107946,5.239113849196969,7.081158127257326
Ornithine,6.208070317385422,9.646636531456869,4.996526953448609,4.561535634698329
Asparagine,10.340596724324788,14.657603815885334,4.544224036898676,7.30937752099993
Cysteine,12.065927894305611,8.755510251870856,6.987859514243303,8.174780279660023
Histidine,9.610109583142084,5.249345924844315,3.1835876354228594,3.8608164468582356
Isoleucine,9.262339540814919,6.992807015240835,5.128334251249348,6.417448468691747
Glutamine,10.803542565117148,5.631663919277037,4.279788094723626,5.542616681464009
Valine,9.61577789455712,9.300469152345567,3.217562999786498,7.048845871080211
Valine,12.780999562481494,5.581797323750585,4.876319832078633,4.175011181209723
Leucine,7.77717397573113,6.581445732951071,6.705191606590206,8.443407338465363
Tryptophan,9.89671168966983,4.1467088767772005,9.241136240861003,3.588157790356396
Beta-Alanine,10.411372749921368,7.60373898344257,6.158837965797939,5.633578590335199
Tryptophan,9.243091896307082,8.530264379906148,-0.0216700028029031,6.6514441139930405
Cysteine,4.2574346740850775,-0.054364141352476025,4.923719829116703,4.970494729597762
Histidine,9.678190183901615,8.778720684440662,5.099605581805665,4.734897677314444
Methionine,11.800353973824933,7.862899306709662,6.8724180191599,6.333353454945786
Ornithine,11.556218372252035,5.7050241537316175,5.369620604979478,6.116639879986621
Valine,10.709556964340399,14.08588677280962,7.506177834604153,6.008907254122724
Asparagine,7.804275283301553,10.875429582814263,5.783341231230543,7.288032767198439
Methionine,10.790618924916968,4.710792541545795,8.117596138995777,5.408290959857968
Methionine,8.853124356915524,10.51471063871342,4.122508159903413,6.479388974692506
Proline,10.706965811897334,11.733494228063172,5.288686934593388,5.240095787586277
Ornithine,10.24301002280343,8.396062767852671,6.653283070779793,4.726005771255888
Lysine,8.047249457433256,9.084326110841976,3.855611859413113,5.572862057264972
Tyrosine,8.215088321286192,9.015040000764772,3.4199743958378477,5.251852219209552
Arginine,10.710044908843033,1.7425524232301335,3.74129580062663,5.326794298255828
Glycine,9.557773809422997,7.439391209448802,3.5015687658221553,7.747991126703242
Tryptophan,8.319437138685743,7.283261474047914,6.045123841750654,5.618844818946669
Tryptophan,8.154339620546335,12.290466909679635,1.3303839407308886,5.005639991580202
Threonine,9.392338304027568,9.001183590685619,1.888059947364186,6.042118161071986
Tryptophan,13.136209589436419,7.107167113649916,8.725492984714524,6.156341908692611
Ornithine,8.947843935576083,7.729625777026966,3.549806558051645,4.219678155608893
Proline,9.971960923484822,11.070156744882203,5.400029702343496,5.552390592114235
Phenylalanine,10.20328857537902,7.446246010264053,2.0217071642017435,5.491973513852105
Leucine,7.737947217016114,5.905413400725173,5.188248535578552,5.74178358943729
Alanine,6.47433503231461,7.172893421237401,3.561986664637192,7.088292559556978
Leucine,7.946718530528538,10.822088431468046,1.8738210036791716,6.205007806744324
Glutamic Acid,10.494154755612607,9.48849471679381,7.673840875129427,7.841906021077996
Leucine,10.174662115830818,8.132803920047342,7.365131454121743,5.982509466166777
Alanine,11.404813138302131,8.574617898334491,4.785290418571967,8.664130920570097
Isoleucine,10.193499789918233,6.320772579213553,6.998838065355822,5.308837479402521
Ornithine,9.780901417061592,7.418151798672039,8.80658537545432,4.845656428252314
Asparagine,8.791975450149746,6.010087034676449,6.508151866316179,6.820954012165461
Tryptophan,11.769213579725387,7.115662147100769,5.959359479019926,8.046122906197526
Tryptophan,8.161639722558567,12.038534790879876,5.397899392966619,3.93179504312216
Proline,7.779200965407958,4.76638456586843,6.298994729718479,5.7045140276785276
Threonine,11.134111034776206,5.933847000731255,4.272161213020727,5.083827082371194
Proline,7.3336853786926905,4.237103411192744,4.446728261677107,6.21427651948812
Phenylalanine,14.829581997317263,3.5872737284372054,5.9017827504250295,6.015026885249107
Phenylalanine,10.159986761118287,7.439684257414125,4.052270259680942,8.018071871441581
Valine,10.695812232649772,6.147172454597641,4.2684006544129955,5.837392810687825
Threonine,8.383160350953226,13.285066792376577,5.000373329269947,8.062176148455343
Proline,9.369470311516908,7.15146036146662,7.301215101186138,5.527349495971971
